category,discounted_price,actual_price,rating,rating_count
USBCables,399.0,1099.0,4.2,24269
USBCables,199.0,349.0,4.0,43994
USBCables,199.0,1899.0,3.9,7928
USBCables,329.0,699.0,4.2,94363
USBCables,154.0,399.0,4.2,16905
USBCables,149.0,1000.0,3.9,24871
USBCables,176.63,499.0,4.1,15188
USBCables,229.0,299.0,4.3,30411
WirelessUSBAdapters,499.0,999.0,4.2,179691
USBCables,199.0,299.0,4.0,43994
USBCables,154.0,339.0,4.3,13391
USBCables,299.0,799.0,4.2,94363
HDMICables,219.0,700.0,4.4,426973
USBCables,350.0,899.0,4.2,2262
USBCables,159.0,399.0,4.1,4768
USBCables,349.0,399.0,4.4,18757
SmartTelevisions,13999.0,24999.0,4.2,32840
USBCables,249.0,399.0,4.0,43994
USBCables,199.0,499.0,4.1,13045
SmartTelevisions,13490.0,21990.0,4.3,11976
USBCables,970.0,1799.0,4.5,815
HDMICables,279.0,499.0,3.7,10962
SmartTelevisions,13490.0,22900.0,4.3,16299
USBCables,59.0,199.0,4.0,9378
SmartTelevisions,11499.0,19990.0,4.3,4703
HDMICables,199.0,699.0,4.2,12153
SmartTelevisions,14999.0,19999.0,4.2,34899
USBCables,299.0,399.0,4.0,2766
USBCables,970.0,1999.0,4.4,184
USBCables,299.0,999.0,4.3,20850
USBCables,199.0,750.0,4.5,74976
USBCables,179.0,499.0,4.0,1934
USBCables,389.0,1099.0,4.3,974
USBCables,599.0,599.0,4.3,355
USBCables,199.0,999.0,3.9,1075
USBCables,99.0,666.66,3.9,24871
USBCables,899.0,1900.0,4.4,13552
USBCables,199.0,999.0,4.0,576
SmartTelevisions,32999.0,45999.0,4.2,7298
USBCables,970.0,1999.0,4.2,462
USBCables,209.0,695.0,4.5,107687
SmartTelevisions,19999.0,34999.0,4.3,27151
USBCables,399.0,1099.0,4.2,24269
WirelessUSBAdapters,999.0,1599.0,4.3,12093
USBCables,59.0,199.0,4.0,9378
USBCables,333.0,999.0,3.3,9792
WirelessUSBAdapters,507.0,1208.0,4.1,8131
HDMICables,309.0,475.0,4.4,426973
RemoteControls,399.0,999.0,3.6,493
USBCables,199.0,395.0,4.2,92595
WirelessUSBAdapters,1199.0,2199.0,4.4,24780
USBCables,179.0,500.0,4.2,92595
USBCables,799.0,2100.0,4.3,8188
StandardTelevisions,6999.0,12999.0,4.2,4003
USBCables,199.0,349.0,4.1,314
RemoteControls,230.0,499.0,3.7,2960
WirelessUSBAdapters,649.0,1399.0,4.2,179691
SmartTelevisions,15999.0,21999.0,4.2,34899
USBCables,348.0,1499.0,4.2,656
USBCables,154.0,349.0,4.3,7064
RemoteControls,179.0,799.0,3.7,2201
SmartTelevisions,32990.0,47900.0,4.3,7109
USBCables,139.0,999.0,4.0,1313
USBCables,329.0,845.0,4.2,29746
SmartTelevisions,13999.0,24999.0,4.2,45238
HDMICables,309.0,1400.0,4.4,426973
USBCables,263.0,699.0,4.1,450
StandardTelevisions,7999.0,14990.0,4.3,457
TVWall&CeilingMounts,1599.0,2999.0,4.2,2727
USBCables,219.0,700.0,4.3,20053
USBCables,349.0,899.0,4.5,149
USBCables,349.0,599.0,4.1,210
SmartTelevisions,26999.0,42999.0,4.2,45238
USBCables,115.0,499.0,4.0,7732
USBCables,399.0,999.0,4.1,1780
USBCables,199.0,499.0,4.1,602
USBCables,179.0,399.0,4.0,1423
SmartTelevisions,10901.0,30990.0,4.1,398
USBCables,209.0,499.0,3.9,536
RemoteControls,1434.0,3999.0,4.0,32
USBCables,399.0,1099.0,4.2,24269
USBCables,139.0,249.0,4.0,9378
SmartTelevisions,7299.0,19125.0,3.4,902
USBCables,299.0,799.0,4.4,28791
USBCables,325.0,1299.0,4.2,10576
SmartTelevisions,29999.0,39999.0,4.2,7298
SmartTelevisions,27999.0,40990.0,4.3,4703
SmartTelevisions,30990.0,52900.0,4.3,7109
USBCables,199.0,999.0,4.5,127
USBCables,649.0,1999.0,4.2,24269
WirelessUSBAdapters,269.0,800.0,3.6,10134
SmartTelevisions,24999.0,31999.0,4.2,34899
USBCables,299.0,699.0,4.2,94363
USBCables,199.0,999.0,4.1,425
SmartTelevisions,18990.0,40990.0,4.2,6659
WirelessUSBAdapters,290.0,349.0,3.7,1977
RemoteControls,249.0,799.0,3.8,1079
USBCables,345.0,999.0,3.7,1097
WirelessUSBAdapters,1099.0,1899.0,4.5,22420
USBCables,719.0,1499.0,4.1,1045
RemoteControls,349.0,1499.0,4.3,4145
USBCables,849.0,1809.0,4.3,6547
RemoteControls,299.0,899.0,4.0,1588
SmartTelevisions,21999.0,29999.0,4.2,32840
USBCables,349.0,999.0,4.2,13120
USBCables,399.0,999.0,4.3,2806
USBCables,449.0,1299.0,4.2,24269
USBCables,299.0,999.0,4.3,766
SmartTelevisions,37999.0,65000.0,4.3,3587
USBCables,99.0,800.0,3.9,24871
StandardTelevisions,7390.0,20000.0,4.1,2581
USBCables,273.1,999.0,4.3,20850
SmartTelevisions,15990.0,23990.0,4.3,1035
USBCables,399.0,999.0,4.1,1780
RemoteControls,399.0,1999.0,4.5,505
USBCables,210.0,399.0,4.1,1717
RemoteControls,1299.0,1999.0,3.6,590
USBCables,347.0,999.0,3.5,1121
USBCables,149.0,999.0,4.0,1313
USBCables,228.0,899.0,3.8,132
USBCables,1599.0,1999.0,4.4,1951
RemoteControls,1499.0,3999.0,3.7,37
SmartTelevisions,8499.0,15999.0,4.3,592
SmartTelevisions,20990.0,44990.0,4.1,1259
SmartTelevisions,32999.0,44999.0,4.2,45238
HDMICables,799.0,1700.0,4.1,28638
HDMICables,229.0,595.0,4.3,12835
SmartTelevisions,9999.0,27990.0,4.2,1269
RemoteControls,349.0,599.0,4.2,284
RCACables,489.0,1200.0,4.4,69538
SmartTelevisions,23999.0,34990.0,4.3,4703
USBCables,399.0,999.0,4.3,2806
Mounts,349.0,1299.0,4.0,3295
USBCables,179.0,299.0,3.9,81
USBCables,689.0,1500.0,4.2,42301
SmartTelevisions,30990.0,49990.0,4.3,1376
USBCables,249.0,931.0,3.9,1075
HDMICables,999.0,2399.0,4.6,3664
RemoteControls,399.0,399.0,3.9,1951
USBCables,349.0,699.0,4.3,20850
USBCables,399.0,1099.0,4.1,2685
WirelessUSBAdapters,1699.0,2999.0,4.4,24780
RemoteControls,655.0,1099.0,3.2,285
WirelessUSBAdapters,749.0,1339.0,4.2,179692
SmartTelevisions,9999.0,12999.0,4.2,6088
RemoteControls,195.0,499.0,3.7,1383
USBCables,999.0,2100.0,4.5,5492
USBCables,499.0,899.0,4.2,919
OpticalCables,416.0,599.0,4.2,30023
USBCables,368.0,699.0,4.2,387
SmartTelevisions,29990.0,65000.0,4.1,211
USBCables,339.0,1099.0,4.3,974
SmartTelevisions,15490.0,20900.0,4.3,16299
USBCables,499.0,1299.0,4.3,30411
WirelessUSBAdapters,249.0,399.0,3.4,4642
RemoteControls,399.0,799.0,4.3,12
USBCables,1499.0,1999.0,4.4,1951
Projectors,9490.0,15990.0,3.9,10480
HDMICables,637.0,1499.0,4.1,24
RemoteControls,399.0,899.0,3.9,254
OpticalCables,1089.0,1600.0,4.0,3565
USBCables,339.0,999.0,4.3,6255
USBCables,149.0,499.0,4.0,7732
USBCables,149.0,399.0,3.9,57
USBCables,599.0,849.0,4.5,577
RemoteControls,299.0,1199.0,3.9,1193
USBCables,399.0,1299.0,4.2,13120
RemoteControls,339.0,1999.0,4.0,343
SmartTelevisions,12499.0,22990.0,4.3,1611
USBCables,249.0,399.0,4.0,6558
WirelessUSBAdapters,1399.0,2499.0,4.4,23169
SmartTelevisions,32999.0,47990.0,4.3,4703
USBCables,149.0,399.0,4.0,1423
USBCables,325.0,999.0,4.3,2651
USBCables,399.0,1999.0,5.0,5
WirelessUSBAdapters,199.0,499.0,3.7,612
USBCables,88.0,299.0,4.0,9378
USBCables,399.0,1099.0,4.1,2685
USBCables,57.89,199.0,4.0,9378
RemoteControls,799.0,1999.0,3.3,576
RemoteControls,205.0,499.0,3.8,313
USBCables,299.0,699.0,4.1,2957
USBCables,849.0,999.0,4.1,6736
USBCables,949.0,1999.0,4.4,13552
USBCables,499.0,1200.0,4.3,5451
USBCables,299.0,485.0,4.3,10911
USBCables,949.0,1999.0,4.4,13552
USBCables,379.0,1099.0,4.3,2806
SmartTelevisions,8990.0,18990.0,3.9,350
OpticalCables,486.0,1999.0,4.2,30023
StandardTelevisions,5699.0,11000.0,4.2,4003
USBCables,709.0,1999.0,4.1,178817
SmartTelevisions,47990.0,70900.0,4.3,7109
RemoteControls,299.0,1199.0,3.7,490
USBCables,320.0,599.0,4.1,491
USBCables,139.0,549.0,3.9,61
USBCables,129.0,249.0,4.0,9378
SmartTelevisions,24999.0,35999.0,4.2,32840
USBCables,999.0,1699.0,4.4,7318
USBCables,225.0,499.0,4.1,789
RemoteControls,547.0,2999.0,4.3,407
USBCables,259.0,699.0,3.8,2399
RemoteControls,239.0,699.0,4.4,2640
RemoteControls,349.0,999.0,4.0,839
HDMICables,467.0,599.0,4.4,44054
USBCables,449.0,599.0,4.0,3231
SmartTelevisions,11990.0,31990.0,4.2,64
USBCables,350.0,599.0,3.9,8314
USBCables,252.0,999.0,3.7,2249
RemoteControls,204.0,599.0,3.6,339
Projectors,6490.0,9990.0,4.0,27
RemoteControls,235.0,599.0,3.5,197
USBCables,299.0,800.0,4.5,74977
USBCables,799.0,1999.0,4.2,8583
RemoteControls,299.0,999.0,3.8,928
StandardTelevisions,6999.0,16990.0,3.8,110
SmartTelevisions,42999.0,59999.0,4.1,6753
HDMICables,173.0,999.0,4.3,1237
Adapters,209.0,600.0,4.4,18872
USBCables,848.99,1490.0,3.9,356
USBCables,649.0,1999.0,4.2,24269
RemoteControls,299.0,899.0,3.8,425
TVWall&CeilingMounts,399.0,799.0,4.1,1161
USBCables,249.0,499.0,4.1,1508
SatelliteReceivers,1249.0,2299.0,4.3,7636
RemoteControls,213.0,499.0,3.7,246
RemoteControls,209.0,499.0,4.0,479
HDMICables,598.0,4999.0,4.2,910
USBCables,799.0,1749.0,4.1,5626
USBCables,159.0,595.0,4.3,14184
DVICables,499.0,1100.0,4.4,25177
SmartTelevisions,31999.0,49999.0,4.3,21252
SmartTelevisions,32990.0,56790.0,4.3,567
RemoteControls,299.0,1199.0,3.5,466
USBCables,128.31,549.0,3.9,61
USBCables,599.0,849.0,4.5,474
RemoteControls,399.0,899.0,3.4,431
USBCables,449.0,1099.0,4.0,242
USBCables,254.0,799.0,4.0,2905
SpeakerCables,399.0,795.0,4.4,12091
USBCables,179.0,399.0,4.0,1423
USBCables,339.0,999.0,4.3,6255
TVWall&CeilingMounts,399.0,999.0,4.0,1236
RemoteControls,199.0,399.0,4.2,1335
RemoteControls,349.0,1999.0,3.8,197
USBCables,299.0,798.0,4.4,28791
USBCables,89.0,800.0,3.9,1075
USBCables,549.0,995.0,4.2,29746
USBCables,129.0,1000.0,3.9,295
SmartTelevisions,77990.0,139900.0,4.7,5935
RemoteControls,349.0,799.0,3.6,323
RemoteControls,499.0,899.0,3.7,185
USBCables,299.0,799.0,4.2,2117
USBCables,182.0,599.0,4.0,9378
TVWall&CeilingMounts,96.0,399.0,3.6,1796
SmartTelevisions,54990.0,85000.0,4.3,3587
RCACables,439.0,758.0,4.2,4296
USBCables,299.0,999.0,4.3,2651
USBCables,299.0,799.0,4.2,94363
USBCables,789.0,1999.0,4.2,34540
HDMICables,299.0,700.0,4.4,8714
USBCables,325.0,1099.0,4.2,10576
USBCables,1299.0,1999.0,4.4,7318
RemoteControls,790.0,1999.0,3.0,103
StreamingClients,4699.0,4699.0,4.5,224
SmartTelevisions,18999.0,24990.0,4.3,4702
USBCables,199.0,999.0,4.2,85
HDMICables,269.0,650.0,4.4,35877
AVReceivers&Amplifiers,1990.0,3100.0,4.0,897
TowerSpeakers,2299.0,3999.0,3.8,282
SmartTelevisions,35999.0,49990.0,4.3,1611
RemoteControls,349.0,999.0,4.2,513
USBCables,719.0,1499.0,4.1,1045
SmartTelevisions,8999.0,18999.0,4.0,6347
SatelliteReceivers,917.0,2299.0,4.2,3300
RemoteControls,399.0,999.0,3.3,23
SmartTelevisions,45999.0,69900.0,4.3,7109
USBCables,119.0,299.0,3.8,51
SmartTelevisions,21999.0,29999.0,4.2,32840
RemoteControls,299.0,599.0,3.7,708
SmartTelevisions,21990.0,34990.0,4.3,1657
USBCables,417.44,670.0,3.9,523
SmartTelevisions,47990.0,79990.0,4.3,1376
RemoteControls,215.0,499.0,3.5,121
USBCables,99.0,800.0,3.9,1075
SmartTelevisions,18999.0,35000.0,4.0,1001
USBCables,249.0,999.0,4.3,112
StandardTelevisions,7999.0,15999.0,3.8,3022
USBCables,649.0,1600.0,4.3,5451
RemoteControls,1289.0,2499.0,3.3,73
HDMICables,609.0,1500.0,4.5,1029
SmartTelevisions,32990.0,54990.0,4.1,1555
HDMICables,599.0,1999.0,4.2,47
USBCables,349.0,899.0,4.1,14896
SmartTelevisions,29999.0,50999.0,4.4,1712
RemoteControls,199.0,399.0,4.2,1335
RemoteControls,349.0,699.0,3.9,214
TVWall&CeilingMounts,1850.0,4500.0,4.0,184
Projectors,13990.0,28900.0,4.5,7
USBCables,129.0,449.0,3.7,41
HDMICables,379.0,999.0,4.2,12153
HDMICables,185.0,499.0,4.2,25
WirelessUSBAdapters,218.0,999.0,4.2,163
USBCables,199.0,999.0,4.3,87
HDMICables,499.0,900.0,4.4,2165
SmartTelevisions,26999.0,42999.0,4.2,1510
TVWall&CeilingMounts,893.0,1052.0,4.3,106
SmartTelevisions,10990.0,19990.0,3.7,129
USBCables,379.0,1099.0,4.3,3049
SmartTelevisions,16999.0,25999.0,4.2,32840
HDMICables,699.0,1899.0,4.4,390
3DGlasses,2699.0,3500.0,3.5,621
USBCables,129.0,599.0,4.1,265
USBCables,389.0,999.0,4.3,838
RemoteControls,246.0,600.0,4.2,143
USBCables,299.0,799.0,4.0,151
RemoteControls,247.0,399.0,3.9,200
RemoteControls,1369.0,2999.0,3.3,227
RemoteControls,199.0,499.0,3.8,538
HDMICables,299.0,599.0,4.0,171
SmartTelevisions,14999.0,14999.0,4.3,27508
USBCables,299.0,699.0,3.9,1454
SmartTelevisions,24990.0,51990.0,4.2,2951
SmartTelevisions,61999.0,69999.0,4.1,6753
SmartTelevisions,24499.0,50000.0,3.9,3518
SmartTelevisions,10499.0,19499.0,4.2,1510
USBCables,349.0,999.0,4.3,838
RemoteControls,197.0,499.0,3.8,136
SatelliteReceivers,1299.0,2499.0,4.3,301
USBCables,1519.0,1899.0,4.4,19763
SmartTelevisions,46999.0,69999.0,4.3,21252
USBCables,299.0,799.0,4.3,1902
SmartWatches,1799.0,19999.0,4.2,13937
SmartWatches,1998.0,9999.0,4.3,27696
SmartWatches,1999.0,7990.0,3.8,17831
PowerBanks,2049.0,2199.0,4.3,178912
Smartphones,6499.0,8999.0,4.0,7807
Smartphones,28999.0,28999.0,4.3,17415
Smartphones,28999.0,28999.0,4.3,17415
Smartphones,6499.0,8999.0,4.0,7807
Smartphones,6499.0,8999.0,4.0,7807
MicroSD,569.0,1000.0,4.4,67259
SmartWatches,1898.0,4999.0,4.1,10689
BasicMobiles,1299.0,1599.0,4.0,128311
SmartWatches,1499.0,6990.0,3.9,21796
In-Ear,599.0,999.0,4.1,192590
Smartphones,9499.0,11999.0,4.2,284
In-Ear,599.0,2499.0,3.9,58162
Smartphones,8999.0,11999.0,4.0,12796
AutomobileChargers,349.0,1299.0,4.0,14282
In-Ear,349.0,999.0,4.1,363713
MicroSD,959.0,1800.0,4.4,67259
Smartphones,9499.0,11999.0,4.2,284
PowerBanks,1499.0,2499.0,4.3,15970
PowerBanks,1149.0,2199.0,4.3,178912
Cradles,349.0,999.0,3.9,46399
WallChargers,1219.0,1699.0,4.4,8891
SmartWatches,1599.0,3999.0,4.0,30254
SmartWatches,1499.0,7999.0,4.2,22636
Smartphones,18499.0,25999.0,4.1,22318
MicroSD,369.0,700.0,4.4,67259
Smartphones,12999.0,17999.0,4.1,18998
SmartWatches,1799.0,19999.0,4.2,13937
SmartWatches,2199.0,9999.0,4.2,29471
Smartphones,16999.0,24999.0,4.1,22318
Smartphones,16499.0,20999.0,4.0,21350
SmartWatches,1799.0,19999.0,4.2,13937
USBCables,399.0,1099.0,4.2,24270
Smartphones,8499.0,10999.0,4.1,313836
Smartphones,6499.0,8499.0,4.1,313836
SmartWatches,1799.0,19999.0,4.2,13937
Smartphones,8999.0,11999.0,4.0,12796
OTGAdapters,139.0,495.0,4.3,14185
SmartWatches,3999.0,16999.0,4.3,17159
SmartWatches,2998.0,5999.0,4.1,5179
USBCables,199.0,349.0,4.0,43993
Smartphones,15499.0,18999.0,4.1,19252
USBCables,199.0,999.0,3.9,7928
SmartWatches,1799.0,19999.0,4.2,13937
Smartphones,8999.0,11999.0,4.0,12796
AutomobileChargers,873.0,1699.0,4.4,1680
Smartphones,12999.0,15999.0,4.2,13246
Tripods,539.0,1599.0,3.8,14648
SmartWatches,1999.0,9999.0,4.3,27696
Smartphones,15490.0,20990.0,4.2,32916
Smartphones,19999.0,24999.0,3.9,25824
WallChargers,1075.0,1699.0,4.4,7462
In-Ear,399.0,699.0,4.0,37817
SmartWatches,1999.0,3990.0,4.0,30254
SmartWatches,1999.0,7990.0,3.8,17831
USBCables,329.0,699.0,4.2,94364
USBCables,154.0,399.0,4.2,16905
Smartphones,28999.0,34999.0,4.4,20311
SmartWatches,2299.0,7990.0,4.2,69622
SelfieSticks,399.0,1999.0,4.0,3382
MicroSD,1149.0,3999.0,4.3,140036
WallChargers,529.0,1499.0,4.1,8599
Smartphones,13999.0,19499.0,4.1,18998
In-Ear,379.0,999.0,4.1,363713
Smartphones,13999.0,19999.0,4.1,19252
SmartWatches,3999.0,9999.0,4.4,73
USBCables,149.0,1000.0,3.9,24870
Stands,99.0,499.0,4.3,42641
In-Ear,4790.0,15990.0,4.0,4390
Smartphones,33999.0,33999.0,4.3,17415
CableConnectionProtectors,99.0,999.0,4.0,1396
In-Ear,299.0,1900.0,3.6,18202
Smartphones,10999.0,14999.0,4.1,18998
Smartphones,34999.0,38999.0,4.2,11029
Smartphones,16999.0,24999.0,4.1,22318
Stands,199.0,499.0,4.1,1786
PowerBanks,999.0,1599.0,4.0,7222
BasicMobiles,1299.0,1599.0,4.0,128311
In-Ear,599.0,1800.0,3.5,83996
MicroSD,599.0,1899.0,4.3,140036
PowerBanks,1799.0,2499.0,4.1,18678
USBCables,176.63,499.0,4.1,15189
Smartphones,10999.0,14999.0,4.1,18998
SmartWatches,2999.0,7990.0,4.1,48449
SmartWatches,1999.0,7990.0,3.8,17831
USBCables,229.0,299.0,4.3,30411
USBCables,199.0,299.0,4.0,43994
WallChargers,649.0,999.0,4.2,1315
Smartphones,13999.0,19499.0,4.1,18998
Décor,119.0,299.0,4.1,5999
Smartphones,12999.0,17999.0,4.1,50772
USBCables,154.0,339.0,4.3,13391
Smartphones,20999.0,26999.0,3.9,25824
WallChargers,249.0,649.0,4.0,14404
WallChargers,99.0,171.0,4.5,11339
Cradles,489.0,1999.0,4.0,3626
MicroSD,369.0,1600.0,4.0,32625
Smartphones,15499.0,20999.0,4.1,19252
Smartphones,15499.0,18999.0,4.1,19252
Smartphones,22999.0,28999.0,3.9,25824
In-Ear,599.0,1490.0,4.1,161679
Stands,134.0,699.0,4.1,16685
Smartphones,7499.0,7999.0,4.0,30907
PowerBanks,1149.0,2199.0,4.3,178912
BasicMobiles,1324.0,1699.0,4.0,128311
Smartphones,13999.0,19999.0,4.1,19252
USBCables,299.0,799.0,4.2,94364
PowerBanks,999.0,1599.0,4.0,7222
Smartphones,12999.0,17999.0,4.1,18998
Smartphones,15490.0,20990.0,4.2,32916
ScreenProtectors,999.0,2899.0,4.6,26603
SmartWatches,1599.0,4999.0,4.0,67950
BasicMobiles,1324.0,1699.0,4.0,128311
Smartphones,20999.0,29990.0,4.3,9499
WallChargers,999.0,1999.0,4.3,1777
Smartphones,12490.0,15990.0,4.2,58506
Smartphones,17999.0,21990.0,4.0,21350
USBCables,350.0,899.0,4.2,2263
BasicMobiles,1399.0,1630.0,4.0,9378
USBCables,159.0,399.0,4.1,4768
SmartWatches,1499.0,6990.0,3.9,21796
SmartWatches,1999.0,7990.0,3.8,17833
ScreenProtectors,999.0,2899.0,4.7,7779
StylusPens,2099.0,5999.0,4.3,17129
AutomobileChargers,337.0,699.0,4.2,4969
SmartWatches,2999.0,7990.0,4.1,154
SmartWatches,1299.0,5999.0,3.3,4415
USBCables,349.0,399.0,4.4,18757
Smartphones,16499.0,20990.0,4.0,21350
In-Ear,499.0,499.0,4.2,31539
USBCables,970.0,1799.0,4.5,815
ScreenProtectors,999.0,2899.0,4.6,6129
Smartphones,10499.0,13499.0,4.2,284
USBCables,249.0,399.0,4.0,43994
Bedstand&DeskMounts,251.0,999.0,3.7,3234
USBCables,199.0,499.0,4.1,13045
Smartphones,6499.0,7999.0,4.1,313832
SmartWatches,2999.0,9999.0,4.2,20879
BasicCases,279.0,1499.0,4.2,2646
Stands,269.0,1499.0,4.5,28978
Smartphones,8999.0,13499.0,3.8,3145
USBCables,59.0,199.0,4.0,9377
In-Ear,599.0,1299.0,4.1,192589
StylusPens,349.0,999.0,3.8,16557
Smartphones,13999.0,19499.0,4.1,18998
StylusPens,349.0,999.0,3.8,16557
WallChargers,499.0,599.0,4.2,21916
SmartWatches,2199.0,9999.0,4.2,29472
Décor,95.0,499.0,4.2,1949
USBCables,139.0,249.0,4.0,9377
SmartWatches,4499.0,7999.0,3.5,37
Stands,89.0,599.0,4.3,2351
Smartphones,15499.0,20999.0,4.1,19253
Smartphones,13999.0,15999.0,3.9,2180
SmartWatches,1999.0,4999.0,3.9,7571
SmartWatches,1399.0,5999.0,3.3,4415
Cradles,599.0,999.0,4.0,18654
WallChargers,199.0,1099.0,4.0,3197
SmartWatches,1799.0,6990.0,4.0,26880
SmartWatches,1499.0,6990.0,3.9,21796
Smartphones,20999.0,29990.0,4.3,9499
Smartphones,12999.0,13499.0,4.1,56098
Smartphones,16999.0,20999.0,4.1,31822
Smartphones,19999.0,27990.0,4.3,9499
Smartphones,12999.0,18999.0,4.1,50772
SmartWatches,2999.0,5999.0,4.1,7148
USBCables,299.0,999.0,4.3,20850
USBCables,970.0,1999.0,4.4,184
WallChargers,329.0,999.0,4.2,3492
SmartWatches,1299.0,5999.0,3.3,4415
MicroSD,1989.0,3500.0,4.4,67260
SmartWatches,1999.0,9999.0,4.3,27704
Smartphones,12999.0,18999.0,4.1,50772
SmartWatches,1499.0,4999.0,4.0,92588
Smartphones,16999.0,20999.0,4.1,31822
SmartWatches,1999.0,8499.0,4.3,240
SmartWatches,4999.0,6999.0,3.8,758
USBCables,99.0,666.66,3.9,24870
SmartWatches,2499.0,5999.0,3.7,828
BasicMobiles,1399.0,1630.0,4.0,9378
SmartWatches,1499.0,9999.0,4.2,22638
USBCables,899.0,1900.0,4.4,13552
WallChargers,249.0,599.0,3.9,2147
ScreenProtectors,299.0,1199.0,4.5,596
Décor,79.0,499.0,4.2,1949
Smartphones,13999.0,15999.0,3.9,2180
In-Ear,949.0,999.0,4.2,31539
Stands,99.0,499.0,4.1,2451
SmartWatches,2499.0,7990.0,4.1,154
HandlebarMounts,689.0,1999.0,4.3,1193
Bedstand&DeskMounts,499.0,1899.0,4.1,1475
ScreenProtectors,299.0,999.0,4.3,8891
Stands,209.0,499.0,3.6,104
Smartphones,8499.0,12999.0,4.1,6662
PowerBanks,2179.0,3999.0,4.0,8380
Smartphones,16999.0,20999.0,4.1,31822
Smartphones,44999.0,49999.0,4.3,3075
BasicMobiles,2599.0,2999.0,3.9,14266
SmartWatches,2799.0,6499.0,4.1,38879
On-Ear,1399.0,2990.0,4.1,97175
MicroSD,649.0,2400.0,4.4,67260
WallChargers,799.0,3990.0,3.8,119
CameraPrivacyCovers,149.0,149.0,4.3,10833
USBCables,799.0,2100.0,4.3,8188
BasicMobiles,3799.0,5299.0,3.5,1641
BasicCases,199.0,1899.0,4.0,4740
Smartphones,23999.0,32999.0,3.9,8866
Smartphones,29990.0,39990.0,4.3,8399
SmartWatches,281.0,1999.0,2.8,87
Smartphones,7998.0,11999.0,3.8,125
SmartWatches,249.0,999.0,4.5,38
ScreenProtectors,299.0,599.0,4.3,4674
SmartWatches,499.0,1899.0,4.1,412
SmartWatches,899.0,3499.0,3.0,681
PowerBanks,1599.0,3499.0,4.0,36384
Adapters,120.0,999.0,3.9,6491
SmartWatches,3999.0,6999.0,4.1,10229
Smartphones,12999.0,18999.0,4.1,50772
BasicCases,1599.0,2599.0,4.3,1801
WallChargers,699.0,1199.0,4.0,14404
PhoneCharms,99.0,999.0,4.4,305
Smartphones,7915.0,9999.0,4.3,1376
SmartWatches,1499.0,7999.0,4.2,22638
BasicMobiles,1055.0,1249.0,3.8,2352
ScreenProtectors,150.0,599.0,4.3,714
USBCables,219.0,700.0,4.3,20052
BasicCases,474.0,1799.0,4.3,1454
USBCables,115.0,499.0,4.0,7732
WallChargers,239.0,599.0,3.9,2147
Smartphones,7499.0,9499.0,4.1,313832
SmartWatches,265.0,999.0,3.7,465
Smartphones,37990.0,74999.0,4.2,27790
USBCables,199.0,499.0,4.1,602
USBCables,179.0,399.0,4.0,1423
SelfieSticks,1799.0,3999.0,4.6,245
Smartphones,8499.0,11999.0,3.9,276
SmartWatches,1999.0,3999.0,4.0,30254
SmartWatches,3999.0,17999.0,4.3,17161
WallChargers,219.0,499.0,4.4,14
SelfieSticks,599.0,1399.0,4.1,14560
PowerBanks,2499.0,2999.0,4.1,3156
Shower&WallMounts,89.0,499.0,4.1,9340
SmartWatches,2999.0,11999.0,4.4,768
Stands,314.0,1499.0,4.5,28978
Smartphones,13999.0,19499.0,4.1,18998
OTGAdapters,139.0,499.0,4.2,4971
StylusPens,2599.0,6999.0,4.5,1526
In-Ear,365.0,999.0,4.1,363711
In-Ear,1499.0,4490.0,3.9,136954
SmartWatches,1998.0,9999.0,4.3,27709
SmartWatches,1799.0,7990.0,3.8,17833
PenDrives,289.0,650.0,4.3,253105
Mice,599.0,895.0,4.4,61314
GraphicTablets,217.0,237.0,3.8,7354
In-Ear,1299.0,2990.0,3.8,180998
Lapdesks,263.0,699.0,3.5,690
MicroSD,569.0,1000.0,4.4,67262
SmartWatches,1999.0,4999.0,4.1,10689
In-Ear,1399.0,3990.0,4.1,141841
NotebookComputerStands,349.0,1499.0,4.3,24791
In-Ear,149.0,399.0,3.5,21764
In-Ear,599.0,999.0,4.1,192587
On-Ear,1220.0,3990.0,4.1,107151
SmartWatches,1499.0,6990.0,3.9,21797
In-Ear,499.0,999.0,3.9,92995
CableConnectionProtectors,99.0,999.0,4.1,8751
AutomobileChargers,349.0,1299.0,4.0,14283
PenDrives,475.0,1500.0,4.2,64273
Mice,269.0,649.0,4.3,54315
Mice,299.0,599.0,4.1,1597
SmartWatches,1599.0,3999.0,4.0,30254
SmartWatches,1499.0,7999.0,4.2,22638
In-Ear,329.0,999.0,3.9,77027
Keyboards,549.0,1799.0,4.3,28829
SmartWatches,2199.0,9999.0,4.2,29478
Mice,299.0,650.0,4.5,33176
Condenser,798.0,1995.0,4.0,68664
USBCables,399.0,1099.0,4.2,24269
DisposableBatteries,266.0,315.0,4.5,28030
GelInkRollerballPens,50.0,50.0,4.3,5792
Tape,130.0,165.0,3.9,14778
In-Ear,449.0,1290.0,4.1,91770
SmartWatches,3999.0,16999.0,4.3,17162
In-Ear,399.0,1290.0,4.2,206
Keyboard&MouseSets,1399.0,2498.0,4.2,33717
USBCables,199.0,349.0,4.0,43994
USBCables,199.0,999.0,3.9,7928
SmartWatches,2998.0,5999.0,4.1,5179
ExternalHardDisks,4098.0,4999.0,4.5,50810
VideoCameras,499.0,1999.0,3.7,3369
Mice,299.0,449.0,3.5,11827
USBCables,329.0,699.0,4.2,94364
Keyboard&MouseSets,699.0,999.0,3.5,15295
Tabletop&TravelTripods,799.0,3990.0,4.3,27139
In-Ear,1399.0,5499.0,3.9,9504
USBCables,154.0,399.0,4.2,16905
PenDrives,519.0,1350.0,4.3,30058
SmartWatches,2299.0,7990.0,4.2,69619
SelfieSticks,399.0,1999.0,4.0,3382
In-Ear,1499.0,3990.0,4.1,109864
Scientific,1295.0,1295.0,4.5,5760
Repeaters&Extenders,1889.0,5499.0,4.2,49551
In-Ear,455.0,1490.0,4.1,161677
TripodLegs,399.0,995.0,3.9,21372
MicroSD,1059.0,3999.0,4.3,140035
USBCables,149.0,1000.0,3.9,24870
InkjetInkCartridges,717.0,761.0,4.0,7199
CableConnectionProtectors,99.0,999.0,4.0,1396
DustCovers,39.0,299.0,3.5,15233
PenDrives,889.0,2500.0,4.3,55747
In-Ear,1199.0,4999.0,3.8,14961
Mice,569.0,1299.0,4.4,9275
In-Ear,1499.0,8999.0,3.7,28324
DisposableBatteries,149.0,180.0,4.4,644
GamingMice,399.0,549.0,4.4,18139
Paints,191.0,225.0,4.4,7203
MousePads,129.0,999.0,4.2,491
HardDiskBags,199.0,599.0,4.5,13568
In-Ear,999.0,4499.0,3.8,3390
In-Ear,899.0,4499.0,3.8,103052
PowerBanks,1799.0,2499.0,4.1,18678
USBCables,176.63,499.0,4.1,15189
Scientific,522.0,550.0,4.4,12179
Macro&RinglightFlashes,799.0,1999.0,3.8,12958
Mice,681.0,1199.0,4.2,8258
NetworkingDevices,1199.0,3490.0,4.1,11716
Routers,2499.0,4999.0,4.4,35024
Over-Ear,1799.0,4999.0,4.1,55192
In-Ear,429.0,599.0,4.1,119466
GraphicTablets,100.0,499.0,3.5,9638
Keyboards,329.0,399.0,3.6,33735
USBCables,229.0,299.0,4.3,30411
Mice,139.0,299.0,3.8,3044
On-Ear,1199.0,2499.0,4.0,33584
BluetoothSpeakers,1049.0,2299.0,3.9,1779
Décor,119.0,299.0,4.1,5999
USBCables,154.0,339.0,4.3,13391
GeneralPurposeBatteries&BatteryChargers,225.0,250.0,4.4,26556
Lapdesks,656.0,1499.0,4.3,25903
PenDrives,1109.0,2800.0,4.3,53464
SmartWatches,2999.0,7990.0,4.1,48448
MousePads,169.0,299.0,4.4,5176
InkjetInkCartridges,309.0,404.0,4.4,8614
On-Ear,599.0,1399.0,3.8,60026
Keyboards,299.0,599.0,3.8,3066
Lapdesks,449.0,999.0,4.0,2102
Mice,799.0,1295.0,4.4,34852
HDMICables,219.0,700.0,4.4,426972
WireboundNotebooks,157.0,160.0,4.5,8618
MicroSD,369.0,1600.0,4.0,32625
Mice,599.0,899.0,4.0,4018
RechargeableBatteries,479.0,599.0,4.3,11687
USBCables,350.0,899.0,4.2,2262
In-Ear,1598.0,2990.0,3.8,11015
BluetoothAdapters,599.0,899.0,4.3,95116
USBCables,159.0,399.0,4.1,4768
PenDrives,1299.0,3000.0,4.3,23022
SmartWatches,1599.0,4999.0,4.0,67951
USBtoUSBAdapters,294.0,4999.0,4.3,4426
InkjetInkCartridges,828.0,861.0,4.2,4567
On-Ear,745.0,795.0,4.0,13797
CompleteTripodUnits,1549.0,2495.0,4.4,15137
USBCables,349.0,399.0,4.4,18757
USBCables,970.0,1799.0,4.5,815
Repeaters&Extenders,1469.0,2499.0,4.2,156638
Notepads&MemoBooks,198.0,800.0,4.1,9344
Film,549.0,549.0,4.5,4875
SmartWatches,2999.0,9999.0,4.2,20881
SmartWatches,12000.0,29999.0,4.3,4744
In-Ear,1299.0,3499.0,3.9,12452
DisposableBatteries,269.0,315.0,4.5,17810
In-Ear,799.0,1499.0,4.1,53648
Monitors,6299.0,13750.0,4.2,2014
Lamps,59.0,59.0,3.8,5958
AutomobileChargers,571.0,999.0,4.3,38221
BluetoothSpeakers,549.0,999.0,3.9,64705
StylusPens,2099.0,5999.0,4.3,17129
SmartTelevisions,13490.0,21990.0,4.3,11976
Keyboard&MouseSets,448.0,699.0,3.9,17348
In-Ear,1499.0,2999.0,3.7,87798
CleaningKits,299.0,499.0,4.2,24432
PenDrives,579.0,1400.0,4.3,189104
DomeCameras,2499.0,3299.0,4.2,93112
In-Ear,1199.0,5999.0,3.9,47521
RechargeableBatteries,399.0,499.0,4.3,27201
HDMICables,279.0,499.0,3.7,10962
SmartTelevisions,13490.0,22900.0,4.3,16299
Mice,279.0,375.0,4.3,31534
SmartWatches,2499.0,4999.0,3.9,7571
WireboundNotebooks,137.0,160.0,4.4,6537
USBCables,59.0,199.0,4.0,9377
HardDiskBags,299.0,499.0,4.5,21010
In-Ear,1799.0,3999.0,3.9,3517
BluetoothSpeakers,1999.0,2999.0,4.3,63899
HDMICables,199.0,699.0,4.2,12153
ScreenProtectors,399.0,1499.0,4.1,5730
Gamepads,1699.0,3999.0,4.2,25488
Mice,699.0,995.0,4.5,54405
Décor,95.0,499.0,4.2,1949
Routers,1149.0,1699.0,4.2,122478
Keyboard&MouseSets,1495.0,1995.0,4.3,7241
Lapdesks,849.0,4999.0,4.0,20457
Basic,440.0,440.0,4.5,8610
StylusPens,349.0,999.0,3.8,16557
Lapdesks,599.0,3999.0,3.9,1087
USBtoUSBAdapters,149.0,399.0,4.0,1540
GraphicTablets,289.0,999.0,4.1,401
USBHubs,179.0,499.0,3.4,9385
SmartWatches,1499.0,4999.0,4.0,92588
In-Ear,399.0,699.0,3.4,3454
GamingMice,599.0,799.0,4.3,15790
PCMicrophones,949.0,2000.0,3.9,14969
SmartWatches,2499.0,9999.0,4.1,42139
DisposableBatteries,159.0,180.0,4.3,989
MicroSD,1329.0,2900.0,4.5,19624
USBHubs,570.0,999.0,4.2,3201
OutdoorSpeakers,899.0,1999.0,4.1,30469
LaptopSleeves&Slipcases,449.0,999.0,4.4,9940
ExternalMemoryCardReaders,549.0,999.0,4.3,7758
Routers,1529.0,2399.0,4.3,68409
BottledInk,100.0,100.0,4.3,3095
NotebookComputerStands,299.0,1499.0,4.2,903
Keyboard&MouseSets,1295.0,1795.0,4.1,25771
In-Ear,699.0,999.0,4.1,273189
CompositionNotebooks,252.0,315.0,4.5,3785
DisposableBatteries,190.0,220.0,4.4,2866
Keyboard&MouseSets,1299.0,1599.0,4.3,27223
PenDrives,729.0,1650.0,4.3,82356
RetractableBallpointPens,480.0,600.0,4.3,5719
SmartWatches,1799.0,6990.0,4.0,26880
Lapdesks,999.0,2499.0,4.3,1690
USBCables,299.0,399.0,4.0,2766
EthernetCables,238.0,699.0,4.4,8372
Keyboard&MouseSets,1349.0,2198.0,4.0,7113
USBCables,299.0,999.0,4.3,20850
PCMicrophones,199.0,499.0,3.3,2804
In-Ear,1999.0,9999.0,3.7,1986
Stands,99.0,499.0,4.1,2451
Mice,499.0,1000.0,5.0,23
Memory,1792.0,3500.0,4.5,26194
UninterruptedPowerSupplies,3299.0,4100.0,3.9,15783
CompositionNotebooks,125.0,180.0,4.4,8053
Mice,399.0,1190.0,4.1,2809
In-Ear,1199.0,7999.0,3.6,25910
GraphicTablets,235.0,1599.0,3.8,1173
Lapdesks,549.0,1999.0,3.6,6422
Lamps,89.0,99.0,4.2,241
USBCables,970.0,1999.0,4.4,184
In-Ear,1299.0,2999.0,3.8,14629
MousePads,230.0,999.0,4.2,1528
Cases,119.0,499.0,4.3,15032
SecureDigitalCards,449.0,800.0,4.4,69585
SelfieLights,1699.0,3495.0,4.1,14371
CompositionNotebooks,561.0,720.0,4.4,3182
Mice,289.0,590.0,4.4,25886
NotebookComputerStands,599.0,1999.0,4.4,4736
ExternalHardDisks,5599.0,7350.0,4.4,73005
Webcams,1990.0,2595.0,4.3,20398
USBHubs,499.0,799.0,4.3,2125
LaptopSleeves&Slipcases,449.0,999.0,4.3,11330
CoolingPads,999.0,1999.0,4.2,27441
CameraPrivacyCovers,69.0,299.0,4.3,255
Mice,899.0,1499.0,4.2,23174
Condenser,478.0,699.0,3.8,20218
LaptopAccessories,1399.0,2490.0,4.3,11074
USBCables,199.0,750.0,4.5,74976
Stands,149.0,499.0,4.1,25607
BluetoothSpeakers,1799.0,4990.0,4.2,41226
Adapters&Multi-Outlets,425.0,999.0,4.0,2581
OutdoorSpeakers,999.0,2490.0,4.1,18331
GraphicTablets,378.0,999.0,4.1,1779
ColouredPaper,99.0,99.0,4.3,388
Routers,1499.0,2999.0,4.5,8656
InternalSolidStateDrives,1815.0,3100.0,4.5,92925
CompositionNotebooks,67.0,75.0,4.1,1269
Lapdesks,1889.0,2699.0,4.3,17394
In-Ear,499.0,1499.0,3.6,9169
MousePads,499.0,999.0,4.4,1030
ExternalHardDisks,5799.0,7999.0,4.5,50273
MultimediaSpeakerSystems,499.0,799.0,3.9,6742
GraphicTablets,249.0,600.0,4.0,1208
USBCables,179.0,499.0,4.0,1933
ExternalHardDisks,4449.0,5734.0,4.4,25006
Gamepads,299.0,550.0,4.6,33434
Mice,629.0,1390.0,4.4,6301
Keyboards,2595.0,3295.0,4.4,22618
USBCables,389.0,1099.0,4.3,974
Routers,1799.0,2911.0,4.3,20342
Notepads&MemoBooks,90.0,175.0,4.4,7429
Lapdesks,599.0,599.0,4.0,26423
SmartWatches,1999.0,7999.0,4.2,31305
DataCards&Dongles,2099.0,3250.0,3.8,11213
LaptopChargers&PowerSupplies,179.0,499.0,4.1,10174
Keyboard&MouseSets,1345.0,2295.0,4.2,17413
TripodLegs,349.0,995.0,4.2,6676
EthernetCables,287.0,499.0,4.4,8076
USBCables,599.0,599.0,4.3,355
PenDrives,349.0,450.0,4.1,18656
DisposableBatteries,879.0,1109.0,4.4,31599
USBCables,199.0,999.0,3.9,1075
RechargeableBatteries,250.0,250.0,3.9,13971
In-Ear,199.0,499.0,3.6,2492
USBCables,899.0,1900.0,4.4,13552
USBCables,199.0,999.0,4.0,575
LaptopChargers&PowerSupplies,149.0,999.0,3.5,2523
GraphicTablets,469.0,1499.0,4.1,352
USBHubs,1187.0,1929.0,4.1,1662
PCSpeakers,849.0,1499.0,4.0,7352
Mice,328.0,399.0,4.1,3441
Lapdesks,269.0,699.0,4.0,93
BatteryChargers,299.0,400.0,3.8,40895
Cases,549.0,1499.0,4.3,11006
WireboundNotebooks,114.0,120.0,4.2,8938
StickBallpointPens,120.0,120.0,4.1,4308
USBCables,970.0,1999.0,4.2,462
USBCables,209.0,695.0,4.5,107686
Mice,1490.0,2295.0,4.6,10652
WoodenPencils,99.0,99.0,4.3,5036
Mice,149.0,249.0,4.0,5057
GamingMice,575.0,2799.0,4.2,8537
USBCables,333.0,999.0,3.3,9792
RetractableBallpointPens,178.0,210.0,4.3,2450
In-Ear,1599.0,3490.0,3.7,676
In-Ear,499.0,1299.0,3.9,1173
MousePads,199.0,499.0,4.3,9998
SmartWatches,2499.0,5999.0,4.1,5852
InternalHardDrives,199.0,999.0,4.2,362
MicroSD,939.0,1800.0,4.5,205052
SmartWatches,2499.0,9999.0,4.0,9090
Mice,1439.0,2890.0,4.5,4099
In-Ear,1099.0,5999.0,3.5,12966
WireboundNotebooks,157.0,160.0,4.5,4428
WirelessUSBAdapters,999.0,1599.0,4.3,12093
DustCovers,115.0,999.0,3.3,5692
GraphicTablets,175.0,499.0,4.1,21
DomeCameras,1999.0,4700.0,3.8,1880
Printers,3999.0,4332.96,3.5,21762
Routers,899.0,1800.0,4.1,22375
MousePads,299.0,990.0,4.5,2453
GraphicTablets,3303.0,4699.0,4.4,13544
Webcams,1890.0,5490.0,4.1,10976
BottledInk,90.0,100.0,4.3,3061
In-Ear,1599.0,2790.0,3.6,2272
CoolingPads,599.0,999.0,4.0,7601
WirelessUSBAdapters,507.0,1208.0,4.1,8131
MousePads,425.0,899.0,4.5,4219
On-Ear,1499.0,3999.0,4.2,42775
Cases,549.0,2499.0,4.3,5556
USBCables,199.0,395.0,4.2,92595
Mice,1295.0,1645.0,4.6,12375
Paints,310.0,310.0,4.5,5882
CameraPrivacyCovers,149.0,149.0,4.3,10833
Keyboard&MouseSets,1149.0,1499.0,4.1,10443
Lapdesks,499.0,1299.0,4.5,434
In-Ear,999.0,4199.0,3.5,1913
InternalSolidStateDrives,1709.0,4000.0,4.4,3029
GelInkRollerballPens,250.0,250.0,4.2,2628
WirelessUSBAdapters,1199.0,2199.0,4.4,24780
Pens,90.0,100.0,4.4,10718
StylusPens,2025.0,5999.0,4.2,6233
GamingMice,1495.0,1995.0,4.5,10541
USBCables,799.0,2100.0,4.3,8188
BluetoothSpeakers,899.0,1199.0,3.8,10751
SATACables,349.0,999.0,3.9,817
PowerBanks,900.0,2499.0,4.0,36384
DomeCameras,2490.0,3990.0,4.1,3606
GeneralPurposeBatteries&BatteryChargers,116.0,200.0,4.4,357
Paints,200.0,230.0,4.4,10170
LaptopChargers&PowerSupplies,1249.0,2796.0,4.4,4598
PCHeadsets,649.0,999.0,3.5,7222
GamingKeyboards,2649.0,3499.0,4.5,1271
USBCables,199.0,349.0,4.1,314
InkjetInkCartridges,596.0,723.0,4.4,3219
SmartWatches,2499.0,5999.0,4.1,38879
SoundbarSpeakers,4999.0,12499.0,4.2,4541
In-Ear,399.0,1290.0,4.2,76042
GeneralPurposeBatteries&BatteryChargers,116.0,200.0,4.3,485
DomeCameras,4499.0,5999.0,4.3,44696
USBHubs,330.0,499.0,3.7,8566
Over-Ear,649.0,2499.0,3.9,13049
ScreenProtectors,1234.0,1599.0,4.5,16680
On-Ear,1399.0,2990.0,4.1,97174
StickBallpointPens,272.0,320.0,4.0,3686
Earpads,99.0,999.0,3.8,594
InkjetPrinters,3498.0,3875.0,3.4,12185
Monitors,10099.0,19110.0,4.3,2623
LaptopSleeves&Slipcases,449.0,999.0,4.3,9701
ColouringPens&Markers,150.0,150.0,4.3,15867
USBCables,348.0,1499.0,4.2,656
Routers,1199.0,2999.0,4.1,10725
HardDiskBags,397.0,899.0,4.0,3025
USBCables,154.0,349.0,4.3,7064
Gamepads,699.0,1490.0,4.0,5736
In-Ear,1679.0,1999.0,4.1,72563
GraphicTablets,354.0,1500.0,4.0,1026
Headsets,1199.0,5499.0,3.8,2043
ScreenProtectors,379.0,1499.0,4.2,4149
ExternalHardDisks,499.0,775.0,4.3,74
ExternalSolidStateDrives,10389.0,32000.0,4.4,41398
PCSpeakers,649.0,1300.0,4.1,5195
PowerLANAdapters,1199.0,1999.0,4.5,22420
USBCables,139.0,999.0,4.0,1313
In-Ear,889.0,1999.0,4.2,2284
Keyboard&MouseSets,1409.0,2199.0,3.9,427
InkjetInkRefills&Kits,549.0,1999.0,4.3,1367
Headsets,749.0,1799.0,4.0,13199
USBCables,329.0,845.0,4.2,29746
USBCables,379.0,1099.0,4.3,2806
SmartWatches,5998.0,7999.0,4.2,30355
LaptopSleeves&Slipcases,299.0,1499.0,4.2,2868
ScreenProtectors,379.0,1499.0,4.1,670
"Notebooks,WritingPads&Diaries",1399.0,2999.0,4.3,3530
BackgroundSupports,699.0,1299.0,4.3,6183
CompositionNotebooks,300.0,300.0,4.2,419
MousePads,999.0,1995.0,4.5,7317
Financial&Business,535.0,535.0,4.4,4426
SmartTelevisions,13999.0,24999.0,4.2,45237
LaptopSleeves&Slipcases,269.0,1099.0,4.1,1092
StickBallpointPens,341.0,450.0,4.3,2493
Routers,2499.0,3999.0,4.4,12679
USBCables,349.0,599.0,4.1,210
Printers,5899.0,7005.0,3.6,4199
WallChargers,699.0,1199.0,4.0,14403
Routers,1565.0,2999.0,4.0,11113
Tabletop&TravelTripods,326.0,799.0,4.4,10773
Adapters,120.0,999.0,3.9,6491
ExternalHardDisks,657.0,999.0,4.3,13944
GamingMice,1995.0,2895.0,4.6,10760
GeneralPurposeBatteries&BatteryChargers,1500.0,1500.0,4.4,25996
Keyboards,2640.0,3195.0,4.5,16146
Printers,5299.0,6355.0,3.9,8280
USBCables,263.0,699.0,4.1,450
Headsets,1990.0,2999.0,4.3,14237
SurgeProtectors,1289.0,1499.0,4.5,20668
CompositionNotebooks,165.0,165.0,4.5,1674
LaptopChargers&PowerSupplies,1699.0,3499.0,3.6,7689
DomeCameras,2299.0,7500.0,4.1,5554
USBCables,219.0,700.0,4.3,20053
Lamps,39.0,39.0,3.8,3344
Tablets,26999.0,37999.0,4.6,2886
In-Ear,1490.0,1990.0,4.1,98250
Lapdesks,398.0,1949.0,4.0,75
USBCables,349.0,899.0,4.5,149
LaptopChargers&PowerSupplies,770.0,1547.0,4.3,2585
Stands,279.0,1299.0,4.0,5072
CordManagement,249.0,599.0,4.5,5985
USBCables,115.0,499.0,4.0,7732
PaintingMaterials,230.0,230.0,4.5,9427
USBCables,399.0,999.0,4.1,1780
GamingMice,599.0,700.0,4.3,2301
TonerCartridges,598.0,1150.0,4.1,2535
ScreenProtectors,399.0,1499.0,4.0,691
Lapdesks,499.0,1299.0,4.1,2740
USBCables,199.0,499.0,4.1,602
Mice,579.0,1090.0,4.4,3482
USBCables,179.0,399.0,4.0,1423
LiquidInkRollerballPens,90.0,100.0,4.1,6199
Lapdesks,899.0,1999.0,4.4,1667
GamingKeyboards,1149.0,1800.0,4.3,4723
LaptopSleeves&Slipcases,249.0,499.0,4.2,22860
Lamps,39.0,39.0,3.6,13572
Repeaters&Extenders,1599.0,3599.0,4.2,16182
BluetoothSpeakers,1199.0,3990.0,4.2,2908
USBCables,209.0,499.0,3.9,536
Mice,1099.0,1499.0,4.2,2375
CompositionNotebooks,120.0,120.0,4.5,4951
GamingKeyboards,1519.0,3499.0,4.3,408
LiquidInkRollerballPens,420.0,420.0,4.2,1926
FountainPens,225.0,225.0,4.1,4798
Caddies,199.0,799.0,4.1,7333
SelfieSticks,1799.0,3999.0,4.6,245
InkjetPrinters,8349.0,9625.0,3.8,3652
InternalSolidStateDrives,3307.0,6100.0,4.3,2515
USBCables,325.0,1299.0,4.2,10576
PenDrives,449.0,1300.0,4.2,4959
DisposableBatteries,380.0,400.0,4.4,2111
GraphicTablets,499.0,1399.0,3.9,1462
TraditionalLaptops,37247.0,59890.0,4.0,323
On-Ear,849.0,2490.0,4.2,91188
OutdoorSpeakers,799.0,1999.0,3.7,418
StylusPens,2599.0,6999.0,4.5,1526
USBCables,199.0,999.0,4.5,127
WirelessUSBAdapters,269.0,800.0,3.6,10134
Lamps,298.0,999.0,4.3,1552
OutdoorSpeakers,1499.0,2999.0,4.1,25262
ElectricKettles,649.0,1245.0,3.9,123365
ElectricHeaters,1199.0,1695.0,3.6,13300
FanHeaters,1199.0,2000.0,4.0,18543
LintShavers,455.0,999.0,4.1,3578
DigitalKitchenScales,199.0,1999.0,3.7,2031
DigitalKitchenScales,293.0,499.0,3.9,44994
Choppers,199.0,495.0,4.1,270563
ElectricKettles,749.0,1245.0,3.9,31783
ElectricHeaters,1399.0,1549.0,3.9,2602
ElectricKettles,749.0,1445.0,3.9,63350
InductionCooktop,1699.0,3193.0,3.8,54032
ElectricKettles,1043.0,1345.0,3.8,15592
LintShavers,499.0,999.0,4.1,4859
FanHeaters,1464.0,1650.0,4.1,14120
HandBlenders,249.0,499.0,3.3,8427
DryIrons,625.0,1400.0,4.2,23316
MixerGrinders,1290.0,2500.0,4.0,6530
InstantWaterHeaters,3600.0,6190.0,4.3,11924
RoomHeaters,6549.0,13999.0,4.0,2961
ElectricKettles,1625.0,2995.0,4.5,23484
InstantWaterHeaters,2599.0,5890.0,4.1,21783
Kettle&ToasterSets,1199.0,2000.0,4.0,14030
StorageWaterHeaters,5499.0,13150.0,4.2,6398
MixerGrinders,1299.0,3500.0,3.8,44050
DryIrons,599.0,785.0,4.2,24247
MixerGrinders,1999.0,3210.0,4.2,41349
Kettle&ToasterSets,549.0,1000.0,3.6,1074
ElectricHeaters,999.0,2000.0,3.8,1163
LintShavers,398.0,1999.0,4.1,257
ImmersionRods,539.0,720.0,4.1,36017
ElectricKettles,699.0,1595.0,4.1,8090
InductionCooktop,2148.0,3645.0,4.1,31388
AirFryers,3599.0,7950.0,4.2,136
LaundryBaskets,351.0,999.0,4.0,5380
SteamIrons,1614.0,1745.0,4.3,37974
ImmersionRods,719.0,1295.0,4.2,17218
LintShavers,678.0,1499.0,4.2,900
Kettle&ToasterSets,809.0,1545.0,3.7,976
JuicerMixerGrinders,1969.0,5000.0,4.1,4927
LintShavers,1490.0,1695.0,4.4,3543
ElectricHeaters,2499.0,3945.0,3.8,2732
HandheldVacuums,1665.0,2099.0,4.0,14368
InductionCooktop,3229.0,5295.0,4.2,39724
InductionCooktop,1799.0,3595.0,3.8,9791
ElectricKettles,1260.0,1699.0,4.2,2891
ElectricHeaters,749.0,1129.0,4.0,2446
MixerGrinders,3499.0,5795.0,3.9,25340
EggBoilers,379.0,999.0,4.3,3096
ElectricHeaters,1099.0,2400.0,3.8,4
Kettle&ToasterSets,749.0,1299.0,4.0,119
SandwichMakers,1299.0,1299.0,4.2,40106
DryIrons,549.0,1090.0,4.2,13029
FanHeaters,899.0,2000.0,3.6,291
DryIrons,1321.0,1545.0,4.3,15453
LintShavers,1099.0,1999.0,4.0,604
DryIrons,775.0,875.0,4.2,46647
StorageWaterHeaters,6299.0,15270.0,4.1,3233
SteamIrons,3190.0,4195.0,4.0,1282
ElectricHeaters,799.0,1989.0,4.3,70
JuicerMixerGrinders,2699.0,5000.0,4.0,26164
DryIrons,599.0,990.0,3.9,16166
Kettle&ToasterSets,749.0,1111.0,4.2,35693
StorageWaterHeaters,6199.0,10400.0,4.1,14391
MiniFoodProcessors&Choppers,1819.0,2490.0,4.4,7946
Kettle&ToasterSets,1199.0,1900.0,4.0,1765
MixerGrinders,3249.0,6295.0,3.8,14062
EggBoilers,349.0,999.0,4.0,15646
FanHeaters,1049.0,1699.0,3.1,111
DigitalScales,799.0,1500.0,4.3,9695
StorageWaterHeaters,4999.0,9650.0,4.2,1772
MixerGrinders,6999.0,10590.0,4.4,11499
DigitalKitchenScales,799.0,1999.0,4.1,2162
VacuumSealers,89.0,89.0,4.2,19621
CeilingFans,1400.0,2485.0,4.1,19998
LaundryBaskets,355.0,899.0,4.1,1051
ElectricHeaters,2169.0,3279.0,4.1,1716
CanisterVacuums,2799.0,3799.0,3.9,32931
ElectricKettles,899.0,1249.0,3.9,17424
RoomHeaters,2499.0,5000.0,3.8,1889
InstantWaterHeaters,3599.0,7299.0,4.0,10324
DryIrons,499.0,625.0,4.2,5355
ImmersionRods,653.0,1020.0,4.1,3366
"PressureWashers,Steam&WindowCleaners",4789.0,8990.0,4.3,1017
HalogenHeaters,1409.0,1639.0,3.7,787
HandBlenders,753.0,899.0,4.2,18462
EggBoilers,353.0,1199.0,4.3,629
DigitalKitchenScales,1099.0,1899.0,4.3,15276
AirFryers,8799.0,11595.0,4.4,2981
ElectricKettles,1345.0,1750.0,3.8,2466
Pop-upToasters,2095.0,2095.0,4.5,7949
ElectricHeaters,1498.0,2300.0,3.8,95
HeatConvectors,2199.0,2990.0,3.8,1558
MixerGrinders,3699.0,4295.0,4.1,26543
LaundryBaskets,177.0,199.0,4.1,3688
MixerGrinders,1149.0,2499.0,3.8,4383
ElectricGrinders,244.0,499.0,3.3,478
ElectricHeaters,1959.0,2400.0,4.0,237
LintShavers,319.0,749.0,4.6,124
ElectricKettles,1499.0,1775.0,3.9,14667
LintShavers,469.0,1599.0,3.7,6
Pop-upToasters,1099.0,1795.0,4.2,4244
FanHeaters,9590.0,15999.0,4.1,1017
ExhaustFans,999.0,1490.0,4.1,12999
Kettle&ToasterSets,1299.0,1999.0,3.8,311
DripCoffeeMachines,292.0,499.0,4.1,4238
VacuumSealers,160.0,299.0,4.6,2781
WaterPurifierAccessories,600.0,600.0,4.1,10907
WaterCartridges,1130.0,1130.0,4.2,13250
MixerGrinders,3249.0,6295.0,3.9,43070
MixerGrinders,3599.0,9455.0,4.1,11828
EggBoilers,368.0,699.0,4.1,1240
MixerGrinders,3199.0,4999.0,4.0,20869
Rice&PastaCookers,1599.0,2900.0,3.7,441
HandBlenders,1999.0,2499.0,4.1,1034
DryIrons,616.0,1190.0,4.1,37126
HandBlenders,1499.0,2100.0,4.1,6355
VacuumSealers,199.0,499.0,3.3,12
ImmersionRods,610.0,825.0,4.1,13165
MiniFoodProcessors&Choppers,999.0,1499.0,4.1,1646
CanisterVacuums,8999.0,9995.0,4.4,17994
LintShavers,453.0,999.0,4.3,610
MixerGrinders,2464.0,6000.0,4.1,8866
Rice&PastaCookers,2719.0,3945.0,3.7,13406
InstantWaterHeaters,1439.0,1999.0,4.8,53803
HandBlenders,2799.0,3499.0,4.5,546
InstantWaterHeaters,2088.0,5550.0,4.0,5292
InstantWaterHeaters,2399.0,4590.0,4.1,444
DigitalKitchenScales,308.0,499.0,3.9,4584
InstantWaterHeaters,2599.0,4400.0,4.1,14947
DryIrons,479.0,1000.0,4.2,1559
LintShavers,245.0,299.0,4.1,1660
LintShavers,179.0,799.0,3.5,132
CeilingFans,3569.0,5190.0,4.3,28629
ElectricKettles,699.0,1345.0,3.9,8446
InductionCooktop,2089.0,4000.0,4.2,11199
AirPurifiers&Ionizers,2339.0,4000.0,3.8,1118
FanHeaters,784.0,1599.0,4.5,11
Wet-DryVacuums,5499.0,9999.0,3.8,4353
FanHeaters,899.0,1990.0,4.1,185
HandBlenders,1695.0,1695.0,4.2,14290
DryIrons,499.0,940.0,4.1,3036
InstantWaterHeaters,2699.0,4700.0,4.2,1296
InstantWaterHeaters,1448.0,2999.0,4.5,19
VacuumSealers,79.0,79.0,4.0,97
StorageWaterHeaters,6990.0,14290.0,4.4,1771
InductionCooktop,2698.0,3945.0,4.0,15034
Wet-DryVacuums,3199.0,5999.0,4.0,3242
Kettle&ToasterSets,1199.0,1950.0,3.9,2832
MiniFoodProcessors&Choppers,1414.0,2799.0,4.0,1498
ElectricKettles,999.0,1950.0,3.8,305
CanisterVacuums,5999.0,9999.0,4.2,1191
HEPAAirPurifiers,9970.0,12999.0,4.3,4049
WaterFilters&Purifiers,698.0,699.0,4.2,3160
CeilingFans,2199.0,3190.0,4.3,9650
LaundryBags,320.0,799.0,4.2,3846
LintShavers,298.0,499.0,4.4,290
JuicerMixerGrinders,1199.0,1499.0,3.8,2206
CeilingFans,1399.0,2660.0,4.1,9349
DigitalKitchenScales,599.0,2799.0,3.9,578
Pop-upToasters,1499.0,1499.0,4.3,9331
HEPAAirPurifiers,14400.0,59900.0,4.4,3837
WaterFilters&Purifiers,1699.0,1900.0,3.6,11456
ElectricHeaters,649.0,999.0,3.8,49
MixerGrinders,3249.0,6375.0,4.0,4978
LaundryBaskets,199.0,499.0,4.1,1996
EggBoilers,1099.0,1899.0,4.3,1811
ElectricKettles,664.0,1490.0,4.0,2198
SandwichMakers,260.0,350.0,3.9,13127
StorageWaterHeaters,6499.0,8500.0,4.4,5865
Sewing&EmbroideryMachines,1484.0,2499.0,3.7,1067
SteamIrons,999.0,1560.0,3.6,4881
JuicerMixerGrinders,3299.0,6500.0,3.7,11217
HandBlenders,259.0,999.0,4.0,43
MixerGrinders,3249.0,7795.0,4.2,4664
SteamIrons,4280.0,5995.0,3.8,2112
SprayBottles,189.0,299.0,4.2,2737
CeilingFans,1449.0,2349.0,3.9,9019
LaundryBaskets,199.0,499.0,4.0,10234
HandMixers,474.0,1299.0,4.1,550
HandBlenders,279.0,499.0,4.8,28
CeilingFans,1999.0,4775.0,4.2,1353
LintShavers,799.0,1230.0,4.1,2138
MiniFoodProcessors&Choppers,949.0,1999.0,4.0,1679
WetGrinders,3657.66,5156.0,3.9,12837
OvenToasterGrills,1699.0,1999.0,4.1,8873
SteamIrons,1849.0,2095.0,4.3,7681
FanHeaters,12499.0,19825.0,4.1,322
DryIrons,1099.0,1920.0,4.2,9772
WaterFilters&Purifiers,8199.0,16000.0,3.9,18497
JuicerMixerGrinders,499.0,2199.0,3.7,53
HandheldVacuums,6999.0,14999.0,4.1,1728
VacuumSealers,1595.0,1799.0,4.0,2877
DryIrons,1049.0,1950.0,3.8,250
Kettle&ToasterSets,1182.0,2995.0,4.2,5178
LintShavers,499.0,999.0,4.6,79
HEPAAirPurifiers,8799.0,11995.0,4.1,4157
ElectricHeaters,1529.0,2999.0,3.3,29
DryIrons,1199.0,1690.0,4.2,4580
EggBoilers,1052.0,1790.0,4.3,1404
Juicers,6499.0,8995.0,4.3,2810
DigitalScales,239.0,239.0,4.3,7
HandBlenders,699.0,1599.0,4.7,1729
SmallKitchenAppliances,2599.0,4290.0,4.4,2116
HandheldVacuums,1547.0,2890.0,3.9,463
HandBlenders,499.0,1299.0,4.7,54
ImmersionRods,510.0,640.0,4.1,7229
InstantWaterHeaters,1899.0,3790.0,3.8,3842
InstantWaterHeaters,2599.0,4560.0,4.4,646
EggBoilers,1199.0,3500.0,4.3,1802
InstantWaterHeaters,999.0,2600.0,3.4,252
InductionCooktop,1999.0,3300.0,4.2,780
HandBlenders,210.0,699.0,3.7,74
HEPAAirPurifiers,14499.0,23559.0,4.3,2026
LaundryBaskets,950.0,1599.0,4.3,5911
AirFryers,7199.0,9995.0,4.4,1964
ElectricHeaters,2439.0,2545.0,4.1,25
SteamIrons,7799.0,8995.0,4.0,3160
MiniFoodProcessors&Choppers,1599.0,1999.0,4.4,1558
MixerGrinders,2899.0,5500.0,3.8,8958
Sewing&EmbroideryMachines,9799.0,12150.0,4.3,13251
SteamIrons,3299.0,4995.0,3.8,1393
HandBlenders,669.0,1499.0,2.3,13
JuicerMixerGrinders,5890.0,7506.0,4.5,7241
WaterFilters&Purifiers,9199.0,18000.0,4.0,16020
LaundryBaskets,351.0,1099.0,3.7,1470
DigitalBathroomScales,899.0,1900.0,4.0,3663
Kettle&ToasterSets,1349.0,1850.0,4.4,638
Wet-DryVacuums,6236.0,9999.0,4.1,3552
HandBlenders,2742.0,3995.0,4.4,11148
Sewing&EmbroideryMachines,721.0,1499.0,3.1,2449
SteamIrons,2903.0,3295.0,4.3,2299
MiniFoodProcessors&Choppers,1656.0,2695.0,4.4,6027
EggBoilers,1399.0,2290.0,4.4,461
SandwichMakers,2079.0,3099.0,4.1,282
ImmersionRods,999.0,1075.0,4.1,9275
HandheldVacuums,3179.0,6999.0,4.0,743
InstantWaterHeaters,1049.0,2499.0,3.6,328
InstantWaterHeaters,3599.0,7290.0,3.9,942
EspressoMachines,4799.0,5795.0,3.9,3815
MixerGrinders,1699.0,3398.0,3.8,7988
Kettle&ToasterSets,664.0,1490.0,4.1,925
TableFans,948.0,1620.0,4.1,4370
DryIrons,850.0,1000.0,4.1,7619
WaterCartridges,600.0,640.0,3.8,2593
ElectricHeaters,3711.0,4495.0,4.3,356
DigitalKitchenScales,799.0,2999.0,4.5,63
WaterPurifierAccessories,980.0,980.0,4.2,4740
LaundryBaskets,351.0,899.0,3.9,296
MilkFrothers,229.0,499.0,3.5,185
SteamIrons,3349.0,3995.0,4.3,1954
StorageWaterHeaters,5499.0,11500.0,3.9,959
LintShavers,299.0,499.0,3.9,1015
Humidifiers,2249.0,3550.0,4.0,3973
EggBoilers,699.0,1599.0,4.7,2300
ElectricHeaters,1235.0,1499.0,4.1,203
MiniFoodProcessors&Choppers,1349.0,2999.0,3.8,441
StorageWaterHeaters,6800.0,11500.0,4.1,10308
SandwichMakers,1699.0,1975.0,4.1,4716
FanHeaters,1069.0,1699.0,3.9,313
FanHeaters,1349.0,2495.0,3.8,166
ImmersionRods,1499.0,3500.0,4.1,303
SandwichMakers,2092.0,4600.0,4.3,562
Wet-DryVacuums,3859.0,10295.0,3.9,8095
JuicerMixerGrinders,499.0,2199.0,2.8,109
CeilingFans,1804.0,2380.0,4.0,15382
JuicerMixerGrinders,6525.0,8820.0,4.5,5137
WaterFilters&Purifiers,4999.0,24999.0,4.6,124
DripCoffeeMachines,1189.0,2400.0,4.1,618
FanHeaters,2590.0,4200.0,4.1,63
FanHeaters,899.0,1599.0,3.4,15
FanHeaters,998.0,2999.0,4.6,9
LaundryBaskets,998.06,1282.0,4.2,7274
CeilingFans,1099.0,1990.0,3.9,5911
"PressureWashers,Steam&WindowCleaners",5999.0,9999.0,4.2,170
Wet-DryVacuums,8886.0,11850.0,4.2,3065
LintShavers,475.0,999.0,4.1,1021
AirFryers,4995.0,20049.0,4.8,3964
WaterFilters&Purifiers,13999.0,24850.0,4.4,8948
WaterFilters&Purifiers,8499.0,16490.0,4.3,97
DryIrons,949.0,975.0,4.3,7223
LaundryBaskets,395.0,499.0,4.0,330
StandMixerAccessories,635.0,635.0,4.3,4570
DryIrons,717.0,1390.0,4.0,4867
RoboticVacuums,27900.0,59900.0,4.4,5298
WaterCartridges,649.0,670.0,4.1,7786
WaterPurifierAccessories,193.0,399.0,3.6,37
FanHeaters,1299.0,2495.0,2.0,2
MixerGrinders,2449.0,3390.0,4.0,5206
InstantWaterHeaters,1049.0,2499.0,3.7,638
TableFans,2399.0,4200.0,3.8,397
HandheldVacuums,2286.0,4495.0,3.9,326
Juicers,499.0,2199.0,3.1,3527
VacuumSealers,429.0,999.0,3.0,617
SandwichMakers,299.0,595.0,4.0,314
WaterFilters&Purifiers,5395.0,19990.0,4.4,535
DryIrons,559.0,1010.0,4.1,17325
DryIrons,660.0,1100.0,3.6,91
EggBoilers,419.0,999.0,4.4,227
StorageWaterHeaters,7349.0,10900.0,4.2,11957
CeilingFans,2899.0,4005.0,4.3,7140
HandheldVacuums,1799.0,3295.0,3.8,687
SandwichMakers,1474.0,4650.0,4.1,1045
WaterFilters&Purifiers,15999.0,24500.0,4.0,11206
InstantWaterHeaters,3645.0,6070.0,4.2,561
HandBlenders,375.0,999.0,3.6,1988
Rice&PastaCookers,2976.0,3945.0,4.2,3740
MilkFrothers,1099.0,1499.0,4.1,4401
SteamIrons,2575.0,6700.0,4.2,611
MixerGrinders,1649.0,2800.0,3.9,2162
HandBlenders,799.0,1699.0,4.0,97
HandBlenders,765.0,970.0,4.2,6055
LintShavers,999.0,1500.0,4.2,386
YogurtMakers,587.0,1295.0,4.1,557
ColdPressJuicers,12609.0,23999.0,4.4,2288
DryIrons,699.0,850.0,4.1,1106
CanisterVacuums,3799.0,6000.0,4.2,11935
ImmersionRods,640.0,1020.0,4.1,5059
FanHeaters,979.0,1999.0,3.9,157
InstantWaterHeaters,5365.0,7445.0,3.9,3584
SteamIrons,3199.0,3500.0,4.2,1899
HandMixers,979.0,1395.0,4.2,15252
ElectricHeaters,929.0,2199.0,3.7,4
WetGrinders,3710.0,4330.0,3.7,1662
MixerGrinders,2033.0,4295.0,3.4,422
ElectricHeaters,9495.0,18990.0,4.2,79
StorageWaterHeaters,7799.0,12500.0,4.0,5160
ElectricKettles,949.0,2385.0,4.1,2311
InstantWaterHeaters,2790.0,4890.0,3.9,588
DryIrons,645.0,1100.0,4.0,3271
MixerGrinders,2237.81,3899.0,3.9,11004
StorageWaterHeaters,8699.0,16899.0,4.2,3195
Split-SystemAirConditioners,42990.0,75990.0,4.3,3231
WaterPurifierAccessories,825.0,825.0,4.0,3246
VacuumSealers,161.0,300.0,2.6,24
InductionCooktop,697.0,1499.0,3.8,144
SmallApplianceParts&Accessories,688.0,747.0,4.5,2280
HalogenHeaters,2199.0,3999.0,3.5,340
FanHeaters,6850.0,11990.0,3.9,144
InstantWaterHeaters,2699.0,3799.0,4.0,727
WaffleMakers&Irons,899.0,1999.0,4.0,832
FanHeaters,1090.0,2999.0,3.5,57
DigitalKitchenScales,295.0,599.0,4.0,1644
Kettle&ToasterSets,479.0,1999.0,3.4,1066
InstantWaterHeaters,2949.0,4849.0,4.2,7968
ImmersionRods,335.0,510.0,3.8,3195
DripCoffeeMachines,293.0,499.0,4.1,1456
StovetopEspressoPots,599.0,1299.0,4.2,590
WaterPurifierAccessories,499.0,999.0,4.3,1436
DryIrons,849.0,1190.0,4.2,4184
DripCoffeeMachines,249.0,400.0,4.1,693
WaterPurifierAccessories,185.0,599.0,3.9,1306
FanHeaters,778.0,999.0,3.3,8
MeasuringSpoons,279.0,699.0,4.3,2326
WaterPurifierAccessories,215.0,1499.0,3.9,1004
DryIrons,889.0,1295.0,4.3,6400
InstantWaterHeaters,1449.0,4999.0,3.6,63
InstantWaterHeaters,1190.0,2550.0,3.8,1181
WaterFilters&Purifiers,1799.0,1950.0,3.9,1888
MixerGrinders,6120.0,8478.0,4.6,6550
MixerGrinders,1799.0,3299.0,3.8,1846
MixerGrinders,2199.0,3895.0,3.9,1085
Rice&PastaCookers,3685.0,5495.0,4.1,290
JuicerMixerGrinders,649.0,999.0,3.6,4
OvenToasterGrills,8599.0,8995.0,4.4,9734
DryIrons,1110.0,1599.0,4.3,4022
InstantWaterHeaters,1499.0,3500.0,4.7,2591
DigitalKitchenScales,759.0,1999.0,4.3,532
HandheldVacuums,2669.0,3199.0,3.9,260
SandwichMakers,929.0,1300.0,3.9,1672
LaundryBaskets,199.0,399.0,3.7,7945
LintShavers,279.0,599.0,3.5,1367
HandBlenders,549.0,999.0,4.0,1313
SprayBottles,85.0,199.0,4.1,212
JuicerMixerGrinders,499.0,1299.0,3.9,65
JuicerMixerGrinders,5865.0,7776.0,4.4,2737
ElectricKettles,1260.0,2299.0,4.3,55
CoffeePresses,1099.0,1500.0,4.5,1065
SandwichMakers,1928.0,2590.0,4.0,2377
StorageWaterHeaters,3249.0,6299.0,3.9,2569
SandwichMakers,1199.0,1795.0,4.2,5967
ElectricKettles,1456.0,3190.0,4.1,1776
JuicerMixerGrinders,3349.0,4799.0,3.7,4200
"PressureWashers,Steam&WindowCleaners",4899.0,8999.0,4.1,297
Kettle&ToasterSets,1199.0,1899.0,4.2,3858
Humidifiers,3290.0,5799.0,4.3,168
LintShavers,179.0,799.0,3.6,101
MeasuringSpoons,149.0,300.0,4.1,4074
MixerGrinders,5490.0,7200.0,4.5,1408
DigitalKitchenScales,379.0,389.0,4.2,3739
WaterFilters&Purifiers,8699.0,13049.0,4.3,5891
MixerGrinders,3041.67,5999.0,4.0,777
HandBlenders,1745.0,2400.0,4.2,14160
InductionCooktop,3180.0,5295.0,4.2,6919
WaterFilters&Purifiers,4999.0,24999.0,4.5,287
LaundryBaskets,390.0,799.0,3.8,287
RotiMakers,1999.0,2999.0,4.4,388
EggBoilers,1624.0,2495.0,4.1,827
MeasuringSpoons,184.0,450.0,4.2,4971
LintShavers,445.0,999.0,4.3,229
FanParts&Accessories,699.0,1690.0,4.1,3524
InductionCooktop,1601.0,3890.0,4.2,156
WaterPurifierAccessories,231.0,260.0,4.1,490
LintShavers,369.0,599.0,3.9,82
ElectricKettles,809.0,1950.0,3.9,710
MixerGrinders,1199.0,2990.0,3.8,133
MixerGrinders,6120.0,8073.0,4.6,2751
SteamIrons,1799.0,2599.0,3.6,771
RoboticVacuums,18999.0,29999.0,4.1,2536
ExhaustFans,1999.0,2360.0,4.2,7801
StandMixers,5999.0,11495.0,4.3,534
CeilingFans,2599.0,4780.0,3.9,898
WaffleMakers&Irons,1199.0,2400.0,3.9,1202
LaundryBaskets,219.0,249.0,4.0,1108
FanHeaters,799.0,1199.0,4.4,17
Wet-DryVacuums,6199.0,10999.0,4.2,10429
AirFryers,6790.0,10995.0,4.5,3192
PedestalFans,1982.84,3300.0,4.1,5873
WaterPurifierAccessories,199.0,400.0,4.1,1379
ElectricKettles,1180.0,1440.0,4.2,1527
CeilingFans,2199.0,3045.0,4.2,2686
DripCoffeeMachines,2999.0,3595.0,4.0,178
HandheldBags,253.0,500.0,4.3,2664
Humidifiers,499.0,799.0,3.6,212
ElectricHeaters,1149.0,1899.0,3.5,24
DryIrons,457.0,799.0,4.3,1868
MilkFrothers,229.0,399.0,3.6,451
WaterPurifierAccessories,199.0,699.0,2.9,159
WaffleMakers&Irons,899.0,1999.0,4.2,39
HandMixers,1499.0,2199.0,4.4,6531
HandBlenders,426.0,999.0,4.1,222
FanHeaters,2320.0,3290.0,3.8,195
Sewing&EmbroideryMachines,1563.0,3098.0,3.5,2283
ElectricHeaters,3487.77,4990.0,4.1,1127
MiniFoodProcessors&Choppers,498.0,1200.0,3.2,113
ElectricKettles,2695.0,2695.0,4.4,2518
ElectricHeaters,949.0,2299.0,3.6,550
LintShavers,199.0,999.0,3.1,2
WaterPurifierAccessories,379.0,919.0,4.0,1090
Rice&PastaCookers,2280.0,3045.0,4.1,4118
HeatConvectors,2219.0,3080.0,3.6,468
ExhaustFans,1399.0,1890.0,4.0,8031
SandwichMakers,2863.0,3690.0,4.3,6987
